evidence_id,evidence_type,source_table,source_record_id,lot_id,event_time,tool_id,chamber_id,root_cause_id,is_shared_evidence,evidence_summary,evidence_payload
EVID_MAINT_DELAY_GRADUAL_001,maintenance,synthetic_maintenance,MAINT_GRADUAL_001,SYNV2_00019,2026-01-04 06:00:00,TOOL_05,TOOL_05_CH_02,RC_COMPONENT_WEAR,True,Synthetic delayed-maintenance evidence; type=preventive_inspection; component=pressure_control_valve; delay_days=5; replacement_performed=False.,"{""chamber_id"":""TOOL_05_CH_02"",""component"":""pressure_control_valve"",""delay_days"":""5"",""evidence_id"":""EVID_MAINT_DELAY_GRADUAL_001"",""maintenance_id"":""MAINT_GRADUAL_001"",""maintenance_type"":""preventive_inspection"",""performed_at"":""2026-01-04 06:00:00"",""related_lot_id"":""SYNV2_00019"",""replacement_performed"":""False"",""scheduled_at"":""2025-12-30 06:00:00"",""tool_id"":""TOOL_05""}"
EVID_DEGRADATION_SYNV2_00019,synthetic_lot,synthetic_secom_v2,SYNV2_00019,SYNV2_00019,2026-01-04 06:00:00,TOOL_05,TOOL_05_CH_02,RC_COMPONENT_WEAR,False,Synthetic gradual_degradation lot evidence.,"{""abrupt_shift_sigma"":"""",""anomaly_mechanism"":""gradual_degradation"",""chamber_id"":""TOOL_05_CH_02"",""degradation_progress"":""0.02127659574468085"",""event_time"":""2026-01-04 06:00:00"",""injected_sensor_columns"":""sensor_026;sensor_089;sensor_091;sensor_120;sensor_133;sensor_159;sensor_206;sensor_281;sensor_333;sensor_343;sensor_351;sensor_389;sensor_418;sensor_457;sensor_486;sensor_541;sensor_550"",""lot_id"":""SYNV2_00019"",""product_family"":""MIXED_SIGNAL"",""recipe_id"":""RCP_C"",""root_cause_id"":""RC_COMPONENT_WEAR"",""synthetic_evidence_id"":""EVID_DEGRADATION_SYNV2_00019"",""tool_id"":""TOOL_05""}"
EVID_DEGRADATION_SYNV2_00038,synthetic_lot,synthetic_secom_v2,SYNV2_00038,SYNV2_00038,2026-01-07 10:00:00,TOOL_05,TOOL_05_CH_02,RC_COMPONENT_WEAR,False,Synthetic gradual_degradation lot evidence.,"{""abrupt_shift_sigma"":"""",""anomaly_mechanism"":""gradual_degradation"",""chamber_id"":""TOOL_05_CH_02"",""degradation_progress"":""0.0425531914893617"",""event_time"":""2026-01-07 10:00:00"",""injected_sensor_columns"":""sensor_026;sensor_089;sensor_091;sensor_120;sensor_133;sensor_159;sensor_206;sensor_281;sensor_333;sensor_343;sensor_351;sensor_389;sensor_418;sensor_457;sensor_486;sensor_541;sensor_550"",""lot_id"":""SYNV2_00038"",""product_family"":""MIXED_SIGNAL"",""recipe_id"":""RCP_C"",""root_cause_id"":""RC_COMPONENT_WEAR"",""synthetic_evidence_id"":""EVID_DEGRADATION_SYNV2_00038"",""tool_id"":""TOOL_05""}"
EVID_DEGRADATION_SYNV2_00041,synthetic_lot,synthetic_secom_v2,SYNV2_00041,SYNV2_00041,2026-01-07 22:00:00,TOOL_05,TOOL_05_CH_02,RC_COMPONENT_WEAR,False,Synthetic gradual_degradation lot evidence.,"{""abrupt_shift_sigma"":"""",""anomaly_mechanism"":""gradual_degradation"",""chamber_id"":""TOOL_05_CH_02"",""degradation_progress"":""0.06382978723404255"",""event_time"":""2026-01-07 22:00:00"",""injected_sensor_columns"":""sensor_026;sensor_089;sensor_091;sensor_120;sensor_133;sensor_159;sensor_206;sensor_281;sensor_333;sensor_343;sensor_351;sensor_389;sensor_418;sensor_457;sensor_486;sensor_541;sensor_550"",""lot_id"":""SYNV2_00041"",""product_family"":""MEMORY"",""recipe_id"":""RCP_B"",""root_cause_id"":""RC_COMPONENT_WEAR"",""synthetic_evidence_id"":""EVID_DEGRADATION_SYNV2_00041"",""tool_id"":""TOOL_05""}"
EVID_DEGRADATION_SYNV2_00068,synthetic_lot,synthetic_secom_v2,SYNV2_00068,SYNV2_00068,2026-01-12 10:00:00,TOOL_05,TOOL_05_CH_02,RC_COMPONENT_WEAR,False,Synthetic gradual_degradation lot evidence.,"{""abrupt_shift_sigma"":"""",""anomaly_mechanism"":""gradual_degradation"",""chamber_id"":""TOOL_05_CH_02"",""degradation_progress"":""0.0851063829787234"",""event_time"":""2026-01-12 10:00:00"",""injected_sensor_columns"":""sensor_026;sensor_089;sensor_091;sensor_120;sensor_133;sensor_159;sensor_206;sensor_281;sensor_333;sensor_343;sensor_351;sensor_389;sensor_418;sensor_457;sensor_486;sensor_541;sensor_550"",""lot_id"":""SYNV2_00068"",""product_family"":""MEMORY"",""recipe_id"":""RCP_C"",""root_cause_id"":""RC_COMPONENT_WEAR"",""synthetic_evidence_id"":""EVID_DEGRADATION_SYNV2_00068"",""tool_id"":""TOOL_05""}"
EVID_DEGRADATION_SYNV2_00072,synthetic_lot,synthetic_secom_v2,SYNV2_00072,SYNV2_00072,2026-01-13 02:00:00,TOOL_05,TOOL_05_CH_02,RC_COMPONENT_WEAR,False,Synthetic gradual_degradation lot evidence.,"{""abrupt_shift_sigma"":"""",""anomaly_mechanism"":""gradual_degradation"",""chamber_id"":""TOOL_05_CH_02"",""degradation_progress"":""0.10638297872340426"",""event_time"":""2026-01-13 02:00:00"",""injected_sensor_columns"":""sensor_026;sensor_089;sensor_091;sensor_120;sensor_133;sensor_159;sensor_206;sensor_281;sensor_333;sensor_343;sensor_351;sensor_389;sensor_418;sensor_457;sensor_486;sensor_541;sensor_550"",""lot_id"":""SYNV2_00072"",""product_family"":""MEMORY"",""recipe_id"":""RCP_C"",""root_cause_id"":""RC_COMPONENT_WEAR"",""synthetic_evidence_id"":""EVID_DEGRADATION_SYNV2_00072"",""tool_id"":""TOOL_05""}"
EVID_DEGRADATION_SYNV2_00104,synthetic_lot,synthetic_secom_v2,SYNV2_00104,SYNV2_00104,2026-01-18 10:00:00,TOOL_05,TOOL_05_CH_02,RC_COMPONENT_WEAR,False,Synthetic gradual_degradation lot evidence.,"{""abrupt_shift_sigma"":"""",""anomaly_mechanism"":""gradual_degradation"",""chamber_id"":""TOOL_05_CH_02"",""degradation_progress"":""0.1276595744680851"",""event_time"":""2026-01-18 10:00:00"",""injected_sensor_columns"":""sensor_026;sensor_089;sensor_091;sensor_120;sensor_133;sensor_159;sensor_206;sensor_281;sensor_333;sensor_343;sensor_351;sensor_389;sensor_418;sensor_457;sensor_486;sensor_541;sensor_550"",""lot_id"":""SYNV2_00104"",""product_family"":""MEMORY"",""recipe_id"":""RCP_B"",""root_cause_id"":""RC_COMPONENT_WEAR"",""synthetic_evidence_id"":""EVID_DEGRADATION_SYNV2_00104"",""tool_id"":""TOOL_05""}"
EVID_DEGRADATION_SYNV2_00105,synthetic_lot,synthetic_secom_v2,SYNV2_00105,SYNV2_00105,2026-01-18 14:00:00,TOOL_05,TOOL_05_CH_02,RC_COMPONENT_WEAR,False,Synthetic gradual_degradation lot evidence.,"{""abrupt_shift_sigma"":"""",""anomaly_mechanism"":""gradual_degradation"",""chamber_id"":""TOOL_05_CH_02"",""degradation_progress"":""0.14893617021276595"",""event_time"":""2026-01-18 14:00:00"",""injected_sensor_columns"":""sensor_026;sensor_089;sensor_091;sensor_120;sensor_133;sensor_159;sensor_206;sensor_281;sensor_333;sensor_343;sensor_351;sensor_389;sensor_418;sensor_457;sensor_486;sensor_541;sensor_550"",""lot_id"":""SYNV2_00105"",""product_family"":""MIXED_SIGNAL"",""recipe_id"":""RCP_A"",""root_cause_id"":""RC_COMPONENT_WEAR"",""synthetic_evidence_id"":""EVID_DEGRADATION_SYNV2_00105"",""tool_id"":""TOOL_05""}"
EVID_DEGRADATION_SYNV2_00118,synthetic_lot,synthetic_secom_v2,SYNV2_00118,SYNV2_00118,2026-01-20 18:00:00,TOOL_05,TOOL_05_CH_02,RC_COMPONENT_WEAR,False,Synthetic gradual_degradation lot evidence.,"{""abrupt_shift_sigma"":"""",""anomaly_mechanism"":""gradual_degradation"",""chamber_id"":""TOOL_05_CH_02"",""degradation_progress"":""0.1702127659574468"",""event_time"":""2026-01-20 18:00:00"",""injected_sensor_columns"":""sensor_026;sensor_089;sensor_091;sensor_120;sensor_133;sensor_159;sensor_206;sensor_281;sensor_333;sensor_343;sensor_351;sensor_389;sensor_418;sensor_457;sensor_486;sensor_541;sensor_550"",""lot_id"":""SYNV2_00118"",""product_family"":""MIXED_SIGNAL"",""recipe_id"":""RCP_C"",""root_cause_id"":""RC_COMPONENT_WEAR"",""synthetic_evidence_id"":""EVID_DEGRADATION_SYNV2_00118"",""tool_id"":""TOOL_05""}"
EVID_DEGRADATION_SYNV2_00123,synthetic_lot,synthetic_secom_v2,SYNV2_00123,SYNV2_00123,2026-01-21 14:00:00,TOOL_05,TOOL_05_CH_02,RC_COMPONENT_WEAR,False,Synthetic gradual_degradation lot evidence.,"{""abrupt_shift_sigma"":"""",""anomaly_mechanism"":""gradual_degradation"",""chamber_id"":""TOOL_05_CH_02"",""degradation_progress"":""0.19148936170212766"",""event_time"":""2026-01-21 14:00:00"",""injected_sensor_columns"":""sensor_026;sensor_089;sensor_091;sensor_120;sensor_133;sensor_159;sensor_206;sensor_281;sensor_333;sensor_343;sensor_351;sensor_389;sensor_418;sensor_457;sensor_486;sensor_541;sensor_550"",""lot_id"":""SYNV2_00123"",""product_family"":""LOGIC"",""recipe_id"":""RCP_A"",""root_cause_id"":""RC_COMPONENT_WEAR"",""synthetic_evidence_id"":""EVID_DEGRADATION_SYNV2_00123"",""tool_id"":""TOOL_05""}"
EVID_DEGRADATION_SYNV2_00129,synthetic_lot,synthetic_secom_v2,SYNV2_00129,SYNV2_00129,2026-01-22 14:00:00,TOOL_05,TOOL_05_CH_02,RC_COMPONENT_WEAR,False,Synthetic gradual_degradation lot evidence.,"{""abrupt_shift_sigma"":"""",""anomaly_mechanism"":""gradual_degradation"",""chamber_id"":""TOOL_05_CH_02"",""degradation_progress"":""0.2127659574468085"",""event_time"":""2026-01-22 14:00:00"",""injected_sensor_columns"":""sensor_026;sensor_089;sensor_091;sensor_120;sensor_133;sensor_159;sensor_206;sensor_281;sensor_333;sensor_343;sensor_351;sensor_389;sensor_418;sensor_457;sensor_486;sensor_541;sensor_550"",""lot_id"":""SYNV2_00129"",""product_family"":""MEMORY"",""recipe_id"":""RCP_B"",""root_cause_id"":""RC_COMPONENT_WEAR"",""synthetic_evidence_id"":""EVID_DEGRADATION_SYNV2_00129"",""tool_id"":""TOOL_05""}"
EVID_DEGRADATION_SYNV2_00137,synthetic_lot,synthetic_secom_v2,SYNV2_00137,SYNV2_00137,2026-01-23 22:00:00,TOOL_05,TOOL_05_CH_02,RC_COMPONENT_WEAR,False,Synthetic gradual_degradation lot evidence.,"{""abrupt_shift_sigma"":"""",""anomaly_mechanism"":""gradual_degradation"",""chamber_id"":""TOOL_05_CH_02"",""degradation_progress"":""0.23404255319148937"",""event_time"":""2026-01-23 22:00:00"",""injected_sensor_columns"":""sensor_026;sensor_089;sensor_091;sensor_120;sensor_133;sensor_159;sensor_206;sensor_281;sensor_333;sensor_343;sensor_351;sensor_389;sensor_418;sensor_457;sensor_486;sensor_541;sensor_550"",""lot_id"":""SYNV2_00137"",""product_family"":""MIXED_SIGNAL"",""recipe_id"":""RCP_A"",""root_cause_id"":""RC_COMPONENT_WEAR"",""synthetic_evidence_id"":""EVID_DEGRADATION_SYNV2_00137"",""tool_id"":""TOOL_05""}"
EVID_DEGRADATION_SYNV2_00146,synthetic_lot,synthetic_secom_v2,SYNV2_00146,SYNV2_00146,2026-01-25 10:00:00,TOOL_05,TOOL_05_CH_02,RC_COMPONENT_WEAR,False,Synthetic gradual_degradation lot evidence.,"{""abrupt_shift_sigma"":"""",""anomaly_mechanism"":""gradual_degradation"",""chamber_id"":""TOOL_05_CH_02"",""degradation_progress"":""0.2553191489361702"",""event_time"":""2026-01-25 10:00:00"",""injected_sensor_columns"":""sensor_026;sensor_089;sensor_091;sensor_120;sensor_133;sensor_159;sensor_206;sensor_281;sensor_333;sensor_343;sensor_351;sensor_389;sensor_418;sensor_457;sensor_486;sensor_541;sensor_550"",""lot_id"":""SYNV2_00146"",""product_family"":""LOGIC"",""recipe_id"":""RCP_A"",""root_cause_id"":""RC_COMPONENT_WEAR"",""synthetic_evidence_id"":""EVID_DEGRADATION_SYNV2_00146"",""tool_id"":""TOOL_05""}"
EVID_DEGRADATION_SYNV2_00149,synthetic_lot,synthetic_secom_v2,SYNV2_00149,SYNV2_00149,2026-01-25 22:00:00,TOOL_05,TOOL_05_CH_02,RC_COMPONENT_WEAR,False,Synthetic gradual_degradation lot evidence.,"{""abrupt_shift_sigma"":"""",""anomaly_mechanism"":""gradual_degradation"",""chamber_id"":""TOOL_05_CH_02"",""degradation_progress"":""0.276595744680851"",""event_time"":""2026-01-25 22:00:00"",""injected_sensor_columns"":""sensor_026;sensor_089;sensor_091;sensor_120;sensor_133;sensor_159;sensor_206;sensor_281;sensor_333;sensor_343;sensor_351;sensor_389;sensor_418;sensor_457;sensor_486;sensor_541;sensor_550"",""lot_id"":""SYNV2_00149"",""product_family"":""MEMORY"",""recipe_id"":""RCP_B"",""root_cause_id"":""RC_COMPONENT_WEAR"",""synthetic_evidence_id"":""EVID_DEGRADATION_SYNV2_00149"",""tool_id"":""TOOL_05""}"
EVID_DEGRADATION_SYNV2_00161,synthetic_lot,synthetic_secom_v2,SYNV2_00161,SYNV2_00161,2026-01-27 22:00:00,TOOL_05,TOOL_05_CH_02,RC_COMPONENT_WEAR,False,Synthetic gradual_degradation lot evidence.,"{""abrupt_shift_sigma"":"""",""anomaly_mechanism"":""gradual_degradation"",""chamber_id"":""TOOL_05_CH_02"",""degradation_progress"":""0.2978723404255319"",""event_time"":""2026-01-27 22:00:00"",""injected_sensor_columns"":""sensor_026;sensor_089;sensor_091;sensor_120;sensor_133;sensor_159;sensor_206;sensor_281;sensor_333;sensor_343;sensor_351;sensor_389;sensor_418;sensor_457;sensor_486;sensor_541;sensor_550"",""lot_id"":""SYNV2_00161"",""product_family"":""MEMORY"",""recipe_id"":""RCP_A"",""root_cause_id"":""RC_COMPONENT_WEAR"",""synthetic_evidence_id"":""EVID_DEGRADATION_SYNV2_00161"",""tool_id"":""TOOL_05""}"
EVID_DEGRADATION_SYNV2_00165,synthetic_lot,synthetic_secom_v2,SYNV2_00165,SYNV2_00165,2026-01-28 14:00:00,TOOL_05,TOOL_05_CH_02,RC_COMPONENT_WEAR,False,Synthetic gradual_degradation lot evidence.,"{""abrupt_shift_sigma"":"""",""anomaly_mechanism"":""gradual_degradation"",""chamber_id"":""TOOL_05_CH_02"",""degradation_progress"":""0.3191489361702127"",""event_time"":""2026-01-28 14:00:00"",""injected_sensor_columns"":""sensor_026;sensor_089;sensor_091;sensor_120;sensor_133;sensor_159;sensor_206;sensor_281;sensor_333;sensor_343;sensor_351;sensor_389;sensor_418;sensor_457;sensor_486;sensor_541;sensor_550"",""lot_id"":""SYNV2_00165"",""product_family"":""MIXED_SIGNAL"",""recipe_id"":""RCP_C"",""root_cause_id"":""RC_COMPONENT_WEAR"",""synthetic_evidence_id"":""EVID_DEGRADATION_SYNV2_00165"",""tool_id"":""TOOL_05""}"
EVID_DEGRADATION_SYNV2_00184,synthetic_lot,synthetic_secom_v2,SYNV2_00184,SYNV2_00184,2026-01-31 18:00:00,TOOL_05,TOOL_05_CH_02,RC_COMPONENT_WEAR,False,Synthetic gradual_degradation lot evidence.,"{""abrupt_shift_sigma"":"""",""anomaly_mechanism"":""gradual_degradation"",""chamber_id"":""TOOL_05_CH_02"",""degradation_progress"":""0.3404255319148936"",""event_time"":""2026-01-31 18:00:00"",""injected_sensor_columns"":""sensor_026;sensor_089;sensor_091;sensor_120;sensor_133;sensor_159;sensor_206;sensor_281;sensor_333;sensor_343;sensor_351;sensor_389;sensor_418;sensor_457;sensor_486;sensor_541;sensor_550"",""lot_id"":""SYNV2_00184"",""product_family"":""MIXED_SIGNAL"",""recipe_id"":""RCP_B"",""root_cause_id"":""RC_COMPONENT_WEAR"",""synthetic_evidence_id"":""EVID_DEGRADATION_SYNV2_00184"",""tool_id"":""TOOL_05""}"
EVID_DEGRADATION_SYNV2_00185,synthetic_lot,synthetic_secom_v2,SYNV2_00185,SYNV2_00185,2026-01-31 22:00:00,TOOL_05,TOOL_05_CH_02,RC_COMPONENT_WEAR,False,Synthetic gradual_degradation lot evidence.,"{""abrupt_shift_sigma"":"""",""anomaly_mechanism"":""gradual_degradation"",""chamber_id"":""TOOL_05_CH_02"",""degradation_progress"":""0.36170212765957444"",""event_time"":""2026-01-31 22:00:00"",""injected_sensor_columns"":""sensor_026;sensor_089;sensor_091;sensor_120;sensor_133;sensor_159;sensor_206;sensor_281;sensor_333;sensor_343;sensor_351;sensor_389;sensor_418;sensor_457;sensor_486;sensor_541;sensor_550"",""lot_id"":""SYNV2_00185"",""product_family"":""LOGIC"",""recipe_id"":""RCP_C"",""root_cause_id"":""RC_COMPONENT_WEAR"",""synthetic_evidence_id"":""EVID_DEGRADATION_SYNV2_00185"",""tool_id"":""TOOL_05""}"
EVID_DEGRADATION_SYNV2_00198,synthetic_lot,synthetic_secom_v2,SYNV2_00198,SYNV2_00198,2026-02-03 02:00:00,TOOL_05,TOOL_05_CH_02,RC_COMPONENT_WEAR,False,Synthetic gradual_degradation lot evidence.,"{""abrupt_shift_sigma"":"""",""anomaly_mechanism"":""gradual_degradation"",""chamber_id"":""TOOL_05_CH_02"",""degradation_progress"":""0.38297872340425526"",""event_time"":""2026-02-03 02:00:00"",""injected_sensor_columns"":""sensor_026;sensor_089;sensor_091;sensor_120;sensor_133;sensor_159;sensor_206;sensor_281;sensor_333;sensor_343;sensor_351;sensor_389;sensor_418;sensor_457;sensor_486;sensor_541;sensor_550"",""lot_id"":""SYNV2_00198"",""product_family"":""MEMORY"",""recipe_id"":""RCP_B"",""root_cause_id"":""RC_COMPONENT_WEAR"",""synthetic_evidence_id"":""EVID_DEGRADATION_SYNV2_00198"",""tool_id"":""TOOL_05""}"
EVID_DEGRADATION_SYNV2_00211,synthetic_lot,synthetic_secom_v2,SYNV2_00211,SYNV2_00211,2026-02-05 06:00:00,TOOL_05,TOOL_05_CH_02,RC_COMPONENT_WEAR,False,Synthetic gradual_degradation lot evidence.,"{""abrupt_shift_sigma"":"""",""anomaly_mechanism"":""gradual_degradation"",""chamber_id"":""TOOL_05_CH_02"",""degradation_progress"":""0.40425531914893614"",""event_time"":""2026-02-05 06:00:00"",""injected_sensor_columns"":""sensor_026;sensor_089;sensor_091;sensor_120;sensor_133;sensor_159;sensor_206;sensor_281;sensor_333;sensor_343;sensor_351;sensor_389;sensor_418;sensor_457;sensor_486;sensor_541;sensor_550"",""lot_id"":""SYNV2_00211"",""product_family"":""MIXED_SIGNAL"",""recipe_id"":""RCP_C"",""root_cause_id"":""RC_COMPONENT_WEAR"",""synthetic_evidence_id"":""EVID_DEGRADATION_SYNV2_00211"",""tool_id"":""TOOL_05""}"
EVID_DEGRADATION_SYNV2_00236,synthetic_lot,synthetic_secom_v2,SYNV2_00236,SYNV2_00236,2026-02-09 10:00:00,TOOL_05,TOOL_05_CH_02,RC_COMPONENT_WEAR,False,Synthetic gradual_degradation lot evidence.,"{""abrupt_shift_sigma"":"""",""anomaly_mechanism"":""gradual_degradation"",""chamber_id"":""TOOL_05_CH_02"",""degradation_progress"":""0.42553191489361697"",""event_time"":""2026-02-09 10:00:00"",""injected_sensor_columns"":""sensor_026;sensor_089;sensor_091;sensor_120;sensor_133;sensor_159;sensor_206;sensor_281;sensor_333;sensor_343;sensor_351;sensor_389;sensor_418;sensor_457;sensor_486;sensor_541;sensor_550"",""lot_id"":""SYNV2_00236"",""product_family"":""LOGIC"",""recipe_id"":""RCP_B"",""root_cause_id"":""RC_COMPONENT_WEAR"",""synthetic_evidence_id"":""EVID_DEGRADATION_SYNV2_00236"",""tool_id"":""TOOL_05""}"
EVID_DEGRADATION_SYNV2_00238,synthetic_lot,synthetic_secom_v2,SYNV2_00238,SYNV2_00238,2026-02-09 18:00:00,TOOL_05,TOOL_05_CH_02,RC_COMPONENT_WEAR,False,Synthetic gradual_degradation lot evidence.,"{""abrupt_shift_sigma"":"""",""anomaly_mechanism"":""gradual_degradation"",""chamber_id"":""TOOL_05_CH_02"",""degradation_progress"":""0.44680851063829785"",""event_time"":""2026-02-09 18:00:00"",""injected_sensor_columns"":""sensor_026;sensor_089;sensor_091;sensor_120;sensor_133;sensor_159;sensor_206;sensor_281;sensor_333;sensor_343;sensor_351;sensor_389;sensor_418;sensor_457;sensor_486;sensor_541;sensor_550"",""lot_id"":""SYNV2_00238"",""product_family"":""LOGIC"",""recipe_id"":""RCP_A"",""root_cause_id"":""RC_COMPONENT_WEAR"",""synthetic_evidence_id"":""EVID_DEGRADATION_SYNV2_00238"",""tool_id"":""TOOL_05""}"
EVID_DEGRADATION_SYNV2_00244,synthetic_lot,synthetic_secom_v2,SYNV2_00244,SYNV2_00244,2026-02-10 18:00:00,TOOL_05,TOOL_05_CH_02,RC_COMPONENT_WEAR,False,Synthetic gradual_degradation lot evidence.,"{""abrupt_shift_sigma"":"""",""anomaly_mechanism"":""gradual_degradation"",""chamber_id"":""TOOL_05_CH_02"",""degradation_progress"":""0.4680851063829787"",""event_time"":""2026-02-10 18:00:00"",""injected_sensor_columns"":""sensor_026;sensor_089;sensor_091;sensor_120;sensor_133;sensor_159;sensor_206;sensor_281;sensor_333;sensor_343;sensor_351;sensor_389;sensor_418;sensor_457;sensor_486;sensor_541;sensor_550"",""lot_id"":""SYNV2_00244"",""product_family"":""MIXED_SIGNAL"",""recipe_id"":""RCP_B"",""root_cause_id"":""RC_COMPONENT_WEAR"",""synthetic_evidence_id"":""EVID_DEGRADATION_SYNV2_00244"",""tool_id"":""TOOL_05""}"
EVID_DEGRADATION_SYNV2_00292,synthetic_lot,synthetic_secom_v2,SYNV2_00292,SYNV2_00292,2026-02-18 18:00:00,TOOL_05,TOOL_05_CH_02,RC_COMPONENT_WEAR,False,Synthetic gradual_degradation lot evidence.,"{""abrupt_shift_sigma"":"""",""anomaly_mechanism"":""gradual_degradation"",""chamber_id"":""TOOL_05_CH_02"",""degradation_progress"":""0.48936170212765956"",""event_time"":""2026-02-18 18:00:00"",""injected_sensor_columns"":""sensor_026;sensor_089;sensor_091;sensor_120;sensor_133;sensor_159;sensor_206;sensor_281;sensor_333;sensor_343;sensor_351;sensor_389;sensor_418;sensor_457;sensor_486;sensor_541;sensor_550"",""lot_id"":""SYNV2_00292"",""product_family"":""MIXED_SIGNAL"",""recipe_id"":""RCP_A"",""root_cause_id"":""RC_COMPONENT_WEAR"",""synthetic_evidence_id"":""EVID_DEGRADATION_SYNV2_00292"",""tool_id"":""TOOL_05""}"
EVID_DEGRADATION_SYNV2_00308,synthetic_lot,synthetic_secom_v2,SYNV2_00308,SYNV2_00308,2026-02-21 10:00:00,TOOL_05,TOOL_05_CH_02,RC_COMPONENT_WEAR,False,Synthetic gradual_degradation lot evidence.,"{""abrupt_shift_sigma"":"""",""anomaly_mechanism"":""gradual_degradation"",""chamber_id"":""TOOL_05_CH_02"",""degradation_progress"":""0.5106382978723404"",""event_time"":""2026-02-21 10:00:00"",""injected_sensor_columns"":""sensor_026;sensor_089;sensor_091;sensor_120;sensor_133;sensor_159;sensor_206;sensor_281;sensor_333;sensor_343;sensor_351;sensor_389;sensor_418;sensor_457;sensor_486;sensor_541;sensor_550"",""lot_id"":""SYNV2_00308"",""product_family"":""MIXED_SIGNAL"",""recipe_id"":""RCP_B"",""root_cause_id"":""RC_COMPONENT_WEAR"",""synthetic_evidence_id"":""EVID_DEGRADATION_SYNV2_00308"",""tool_id"":""TOOL_05""}"
EVID_DEGRADATION_SYNV2_00332,synthetic_lot,synthetic_secom_v2,SYNV2_00332,SYNV2_00332,2026-02-25 10:00:00,TOOL_05,TOOL_05_CH_02,RC_COMPONENT_WEAR,False,Synthetic gradual_degradation lot evidence.,"{""abrupt_shift_sigma"":"""",""anomaly_mechanism"":""gradual_degradation"",""chamber_id"":""TOOL_05_CH_02"",""degradation_progress"":""0.5319148936170213"",""event_time"":""2026-02-25 10:00:00"",""injected_sensor_columns"":""sensor_026;sensor_089;sensor_091;sensor_120;sensor_133;sensor_159;sensor_206;sensor_281;sensor_333;sensor_343;sensor_351;sensor_389;sensor_418;sensor_457;sensor_486;sensor_541;sensor_550"",""lot_id"":""SYNV2_00332"",""product_family"":""MEMORY"",""recipe_id"":""RCP_C"",""root_cause_id"":""RC_COMPONENT_WEAR"",""synthetic_evidence_id"":""EVID_DEGRADATION_SYNV2_00332"",""tool_id"":""TOOL_05""}"
EVID_DEGRADATION_SYNV2_00345,synthetic_lot,synthetic_secom_v2,SYNV2_00345,SYNV2_00345,2026-02-27 14:00:00,TOOL_05,TOOL_05_CH_02,RC_COMPONENT_WEAR,False,Synthetic gradual_degradation lot evidence.,"{""abrupt_shift_sigma"":"""",""anomaly_mechanism"":""gradual_degradation"",""chamber_id"":""TOOL_05_CH_02"",""degradation_progress"":""0.5531914893617021"",""event_time"":""2026-02-27 14:00:00"",""injected_sensor_columns"":""sensor_026;sensor_089;sensor_091;sensor_120;sensor_133;sensor_159;sensor_206;sensor_281;sensor_333;sensor_343;sensor_351;sensor_389;sensor_418;sensor_457;sensor_486;sensor_541;sensor_550"",""lot_id"":""SYNV2_00345"",""product_family"":""MEMORY"",""recipe_id"":""RCP_A"",""root_cause_id"":""RC_COMPONENT_WEAR"",""synthetic_evidence_id"":""EVID_DEGRADATION_SYNV2_00345"",""tool_id"":""TOOL_05""}"
EVID_DEGRADATION_SYNV2_00370,synthetic_lot,synthetic_secom_v2,SYNV2_00370,SYNV2_00370,2026-03-03 18:00:00,TOOL_05,TOOL_05_CH_02,RC_COMPONENT_WEAR,False,Synthetic gradual_degradation lot evidence.,"{""abrupt_shift_sigma"":"""",""anomaly_mechanism"":""gradual_degradation"",""chamber_id"":""TOOL_05_CH_02"",""degradation_progress"":""0.574468085106383"",""event_time"":""2026-03-03 18:00:00"",""injected_sensor_columns"":""sensor_026;sensor_089;sensor_091;sensor_120;sensor_133;sensor_159;sensor_206;sensor_281;sensor_333;sensor_343;sensor_351;sensor_389;sensor_418;sensor_457;sensor_486;sensor_541;sensor_550"",""lot_id"":""SYNV2_00370"",""product_family"":""MEMORY"",""recipe_id"":""RCP_B"",""root_cause_id"":""RC_COMPONENT_WEAR"",""synthetic_evidence_id"":""EVID_DEGRADATION_SYNV2_00370"",""tool_id"":""TOOL_05""}"
EVID_DEGRADATION_SYNV2_00398,synthetic_lot,synthetic_secom_v2,SYNV2_00398,SYNV2_00398,2026-03-08 10:00:00,TOOL_05,TOOL_05_CH_02,RC_COMPONENT_WEAR,False,Synthetic gradual_degradation lot evidence.,"{""abrupt_shift_sigma"":"""",""anomaly_mechanism"":""gradual_degradation"",""chamber_id"":""TOOL_05_CH_02"",""degradation_progress"":""0.5957446808510638"",""event_time"":""2026-03-08 10:00:00"",""injected_sensor_columns"":""sensor_026;sensor_089;sensor_091;sensor_120;sensor_133;sensor_159;sensor_206;sensor_281;sensor_333;sensor_343;sensor_351;sensor_389;sensor_418;sensor_457;sensor_486;sensor_541;sensor_550"",""lot_id"":""SYNV2_00398"",""product_family"":""MEMORY"",""recipe_id"":""RCP_C"",""root_cause_id"":""RC_COMPONENT_WEAR"",""synthetic_evidence_id"":""EVID_DEGRADATION_SYNV2_00398"",""tool_id"":""TOOL_05""}"
EVID_DEGRADATION_SYNV2_00402,synthetic_lot,synthetic_secom_v2,SYNV2_00402,SYNV2_00402,2026-03-09 02:00:00,TOOL_05,TOOL_05_CH_02,RC_COMPONENT_WEAR,False,Synthetic gradual_degradation lot evidence.,"{""abrupt_shift_sigma"":"""",""anomaly_mechanism"":""gradual_degradation"",""chamber_id"":""TOOL_05_CH_02"",""degradation_progress"":""0.6170212765957447"",""event_time"":""2026-03-09 02:00:00"",""injected_sensor_columns"":""sensor_026;sensor_089;sensor_091;sensor_120;sensor_133;sensor_159;sensor_206;sensor_281;sensor_333;sensor_343;sensor_351;sensor_389;sensor_418;sensor_457;sensor_486;sensor_541;sensor_550"",""lot_id"":""SYNV2_00402"",""product_family"":""MIXED_SIGNAL"",""recipe_id"":""RCP_C"",""root_cause_id"":""RC_COMPONENT_WEAR"",""synthetic_evidence_id"":""EVID_DEGRADATION_SYNV2_00402"",""tool_id"":""TOOL_05""}"
EVID_DEGRADATION_SYNV2_00405,synthetic_lot,synthetic_secom_v2,SYNV2_00405,SYNV2_00405,2026-03-09 14:00:00,TOOL_05,TOOL_05_CH_02,RC_COMPONENT_WEAR,False,Synthetic gradual_degradation lot evidence.,"{""abrupt_shift_sigma"":"""",""anomaly_mechanism"":""gradual_degradation"",""chamber_id"":""TOOL_05_CH_02"",""degradation_progress"":""0.6382978723404256"",""event_time"":""2026-03-09 14:00:00"",""injected_sensor_columns"":""sensor_026;sensor_089;sensor_091;sensor_120;sensor_133;sensor_159;sensor_206;sensor_281;sensor_333;sensor_343;sensor_351;sensor_389;sensor_418;sensor_457;sensor_486;sensor_541;sensor_550"",""lot_id"":""SYNV2_00405"",""product_family"":""LOGIC"",""recipe_id"":""RCP_C"",""root_cause_id"":""RC_COMPONENT_WEAR"",""synthetic_evidence_id"":""EVID_DEGRADATION_SYNV2_00405"",""tool_id"":""TOOL_05""}"
EVID_DEGRADATION_SYNV2_00416,synthetic_lot,synthetic_secom_v2,SYNV2_00416,SYNV2_00416,2026-03-11 10:00:00,TOOL_05,TOOL_05_CH_02,RC_COMPONENT_WEAR,False,Synthetic gradual_degradation lot evidence.,"{""abrupt_shift_sigma"":"""",""anomaly_mechanism"":""gradual_degradation"",""chamber_id"":""TOOL_05_CH_02"",""degradation_progress"":""0.6595744680851064"",""event_time"":""2026-03-11 10:00:00"",""injected_sensor_columns"":""sensor_026;sensor_089;sensor_091;sensor_120;sensor_133;sensor_159;sensor_206;sensor_281;sensor_333;sensor_343;sensor_351;sensor_389;sensor_418;sensor_457;sensor_486;sensor_541;sensor_550"",""lot_id"":""SYNV2_00416"",""product_family"":""MIXED_SIGNAL"",""recipe_id"":""RCP_A"",""root_cause_id"":""RC_COMPONENT_WEAR"",""synthetic_evidence_id"":""EVID_DEGRADATION_SYNV2_00416"",""tool_id"":""TOOL_05""}"
EVID_DEGRADATION_SYNV2_00447,synthetic_lot,synthetic_secom_v2,SYNV2_00447,SYNV2_00447,2026-03-16 14:00:00,TOOL_05,TOOL_05_CH_02,RC_COMPONENT_WEAR,False,Synthetic gradual_degradation lot evidence.,"{""abrupt_shift_sigma"":"""",""anomaly_mechanism"":""gradual_degradation"",""chamber_id"":""TOOL_05_CH_02"",""degradation_progress"":""0.6808510638297872"",""event_time"":""2026-03-16 14:00:00"",""injected_sensor_columns"":""sensor_026;sensor_089;sensor_091;sensor_120;sensor_133;sensor_159;sensor_206;sensor_281;sensor_333;sensor_343;sensor_351;sensor_389;sensor_418;sensor_457;sensor_486;sensor_541;sensor_550"",""lot_id"":""SYNV2_00447"",""product_family"":""LOGIC"",""recipe_id"":""RCP_B"",""root_cause_id"":""RC_COMPONENT_WEAR"",""synthetic_evidence_id"":""EVID_DEGRADATION_SYNV2_00447"",""tool_id"":""TOOL_05""}"
EVID_DEGRADATION_SYNV2_00448,synthetic_lot,synthetic_secom_v2,SYNV2_00448,SYNV2_00448,2026-03-16 18:00:00,TOOL_05,TOOL_05_CH_02,RC_COMPONENT_WEAR,False,Synthetic gradual_degradation lot evidence.,"{""abrupt_shift_sigma"":"""",""anomaly_mechanism"":""gradual_degradation"",""chamber_id"":""TOOL_05_CH_02"",""degradation_progress"":""0.7021276595744681"",""event_time"":""2026-03-16 18:00:00"",""injected_sensor_columns"":""sensor_026;sensor_089;sensor_091;sensor_120;sensor_133;sensor_159;sensor_206;sensor_281;sensor_333;sensor_343;sensor_351;sensor_389;sensor_418;sensor_457;sensor_486;sensor_541;sensor_550"",""lot_id"":""SYNV2_00448"",""product_family"":""MEMORY"",""recipe_id"":""RCP_A"",""root_cause_id"":""RC_COMPONENT_WEAR"",""synthetic_evidence_id"":""EVID_DEGRADATION_SYNV2_00448"",""tool_id"":""TOOL_05""}"
EVID_DEGRADATION_SYNV2_00521,synthetic_lot,synthetic_secom_v2,SYNV2_00521,SYNV2_00521,2026-03-28 22:00:00,TOOL_05,TOOL_05_CH_02,RC_COMPONENT_WEAR,False,Synthetic gradual_degradation lot evidence.,"{""abrupt_shift_sigma"":"""",""anomaly_mechanism"":""gradual_degradation"",""chamber_id"":""TOOL_05_CH_02"",""degradation_progress"":""0.723404255319149"",""event_time"":""2026-03-28 22:00:00"",""injected_sensor_columns"":""sensor_026;sensor_089;sensor_091;sensor_120;sensor_133;sensor_159;sensor_206;sensor_281;sensor_333;sensor_343;sensor_351;sensor_389;sensor_418;sensor_457;sensor_486;sensor_541;sensor_550"",""lot_id"":""SYNV2_00521"",""product_family"":""MIXED_SIGNAL"",""recipe_id"":""RCP_A"",""root_cause_id"":""RC_COMPONENT_WEAR"",""synthetic_evidence_id"":""EVID_DEGRADATION_SYNV2_00521"",""tool_id"":""TOOL_05""}"
EVID_DEGRADATION_SYNV2_00522,synthetic_lot,synthetic_secom_v2,SYNV2_00522,SYNV2_00522,2026-03-29 02:00:00,TOOL_05,TOOL_05_CH_02,RC_COMPONENT_WEAR,False,Synthetic gradual_degradation lot evidence.,"{""abrupt_shift_sigma"":"""",""anomaly_mechanism"":""gradual_degradation"",""chamber_id"":""TOOL_05_CH_02"",""degradation_progress"":""0.7446808510638298"",""event_time"":""2026-03-29 02:00:00"",""injected_sensor_columns"":""sensor_026;sensor_089;sensor_091;sensor_120;sensor_133;sensor_159;sensor_206;sensor_281;sensor_333;sensor_343;sensor_351;sensor_389;sensor_418;sensor_457;sensor_486;sensor_541;sensor_550"",""lot_id"":""SYNV2_00522"",""product_family"":""MIXED_SIGNAL"",""recipe_id"":""RCP_C"",""root_cause_id"":""RC_COMPONENT_WEAR"",""synthetic_evidence_id"":""EVID_DEGRADATION_SYNV2_00522"",""tool_id"":""TOOL_05""}"
EVID_DEGRADATION_SYNV2_00531,synthetic_lot,synthetic_secom_v2,SYNV2_00531,SYNV2_00531,2026-03-30 14:00:00,TOOL_05,TOOL_05_CH_02,RC_COMPONENT_WEAR,False,Synthetic gradual_degradation lot evidence.,"{""abrupt_shift_sigma"":"""",""anomaly_mechanism"":""gradual_degradation"",""chamber_id"":""TOOL_05_CH_02"",""degradation_progress"":""0.7659574468085106"",""event_time"":""2026-03-30 14:00:00"",""injected_sensor_columns"":""sensor_026;sensor_089;sensor_091;sensor_120;sensor_133;sensor_159;sensor_206;sensor_281;sensor_333;sensor_343;sensor_351;sensor_389;sensor_418;sensor_457;sensor_486;sensor_541;sensor_550"",""lot_id"":""SYNV2_00531"",""product_family"":""MIXED_SIGNAL"",""recipe_id"":""RCP_A"",""root_cause_id"":""RC_COMPONENT_WEAR"",""synthetic_evidence_id"":""EVID_DEGRADATION_SYNV2_00531"",""tool_id"":""TOOL_05""}"
EVID_DEGRADATION_SYNV2_00548,synthetic_lot,synthetic_secom_v2,SYNV2_00548,SYNV2_00548,2026-04-02 10:00:00,TOOL_05,TOOL_05_CH_02,RC_COMPONENT_WEAR,False,Synthetic gradual_degradation lot evidence.,"{""abrupt_shift_sigma"":"""",""anomaly_mechanism"":""gradual_degradation"",""chamber_id"":""TOOL_05_CH_02"",""degradation_progress"":""0.7872340425531915"",""event_time"":""2026-04-02 10:00:00"",""injected_sensor_columns"":""sensor_026;sensor_089;sensor_091;sensor_120;sensor_133;sensor_159;sensor_206;sensor_281;sensor_333;sensor_343;sensor_351;sensor_389;sensor_418;sensor_457;sensor_486;sensor_541;sensor_550"",""lot_id"":""SYNV2_00548"",""product_family"":""MIXED_SIGNAL"",""recipe_id"":""RCP_A"",""root_cause_id"":""RC_COMPONENT_WEAR"",""synthetic_evidence_id"":""EVID_DEGRADATION_SYNV2_00548"",""tool_id"":""TOOL_05""}"
EVID_DEGRADATION_SYNV2_00549,synthetic_lot,synthetic_secom_v2,SYNV2_00549,SYNV2_00549,2026-04-02 14:00:00,TOOL_05,TOOL_05_CH_02,RC_COMPONENT_WEAR,False,Synthetic gradual_degradation lot evidence.,"{""abrupt_shift_sigma"":"""",""anomaly_mechanism"":""gradual_degradation"",""chamber_id"":""TOOL_05_CH_02"",""degradation_progress"":""0.8085106382978724"",""event_time"":""2026-04-02 14:00:00"",""injected_sensor_columns"":""sensor_026;sensor_089;sensor_091;sensor_120;sensor_133;sensor_159;sensor_206;sensor_281;sensor_333;sensor_343;sensor_351;sensor_389;sensor_418;sensor_457;sensor_486;sensor_541;sensor_550"",""lot_id"":""SYNV2_00549"",""product_family"":""LOGIC"",""recipe_id"":""RCP_C"",""root_cause_id"":""RC_COMPONENT_WEAR"",""synthetic_evidence_id"":""EVID_DEGRADATION_SYNV2_00549"",""tool_id"":""TOOL_05""}"
EVID_DEGRADATION_SYNV2_00561,synthetic_lot,synthetic_secom_v2,SYNV2_00561,SYNV2_00561,2026-04-04 14:00:00,TOOL_05,TOOL_05_CH_02,RC_COMPONENT_WEAR,False,Synthetic gradual_degradation lot evidence.,"{""abrupt_shift_sigma"":"""",""anomaly_mechanism"":""gradual_degradation"",""chamber_id"":""TOOL_05_CH_02"",""degradation_progress"":""0.8297872340425532"",""event_time"":""2026-04-04 14:00:00"",""injected_sensor_columns"":""sensor_026;sensor_089;sensor_091;sensor_120;sensor_133;sensor_159;sensor_206;sensor_281;sensor_333;sensor_343;sensor_351;sensor_389;sensor_418;sensor_457;sensor_486;sensor_541;sensor_550"",""lot_id"":""SYNV2_00561"",""product_family"":""MEMORY"",""recipe_id"":""RCP_B"",""root_cause_id"":""RC_COMPONENT_WEAR"",""synthetic_evidence_id"":""EVID_DEGRADATION_SYNV2_00561"",""tool_id"":""TOOL_05""}"
EVID_DEGRADATION_SYNV2_00585,synthetic_lot,synthetic_secom_v2,SYNV2_00585,SYNV2_00585,2026-04-08 14:00:00,TOOL_05,TOOL_05_CH_02,RC_COMPONENT_WEAR,False,Synthetic gradual_degradation lot evidence.,"{""abrupt_shift_sigma"":"""",""anomaly_mechanism"":""gradual_degradation"",""chamber_id"":""TOOL_05_CH_02"",""degradation_progress"":""0.851063829787234"",""event_time"":""2026-04-08 14:00:00"",""injected_sensor_columns"":""sensor_026;sensor_089;sensor_091;sensor_120;sensor_133;sensor_159;sensor_206;sensor_281;sensor_333;sensor_343;sensor_351;sensor_389;sensor_418;sensor_457;sensor_486;sensor_541;sensor_550"",""lot_id"":""SYNV2_00585"",""product_family"":""MEMORY"",""recipe_id"":""RCP_C"",""root_cause_id"":""RC_COMPONENT_WEAR"",""synthetic_evidence_id"":""EVID_DEGRADATION_SYNV2_00585"",""tool_id"":""TOOL_05""}"
EVID_DEGRADATION_SYNV2_00610,synthetic_lot,synthetic_secom_v2,SYNV2_00610,SYNV2_00610,2026-04-12 18:00:00,TOOL_05,TOOL_05_CH_02,RC_COMPONENT_WEAR,False,Synthetic gradual_degradation lot evidence.,"{""abrupt_shift_sigma"":"""",""anomaly_mechanism"":""gradual_degradation"",""chamber_id"":""TOOL_05_CH_02"",""degradation_progress"":""0.8723404255319149"",""event_time"":""2026-04-12 18:00:00"",""injected_sensor_columns"":""sensor_026;sensor_089;sensor_091;sensor_120;sensor_133;sensor_159;sensor_206;sensor_281;sensor_333;sensor_343;sensor_351;sensor_389;sensor_418;sensor_457;sensor_486;sensor_541;sensor_550"",""lot_id"":""SYNV2_00610"",""product_family"":""MIXED_SIGNAL"",""recipe_id"":""RCP_A"",""root_cause_id"":""RC_COMPONENT_WEAR"",""synthetic_evidence_id"":""EVID_DEGRADATION_SYNV2_00610"",""tool_id"":""TOOL_05""}"
EVID_DEGRADATION_SYNV2_00634,synthetic_lot,synthetic_secom_v2,SYNV2_00634,SYNV2_00634,2026-04-16 18:00:00,TOOL_05,TOOL_05_CH_02,RC_COMPONENT_WEAR,False,Synthetic gradual_degradation lot evidence.,"{""abrupt_shift_sigma"":"""",""anomaly_mechanism"":""gradual_degradation"",""chamber_id"":""TOOL_05_CH_02"",""degradation_progress"":""0.8936170212765957"",""event_time"":""2026-04-16 18:00:00"",""injected_sensor_columns"":""sensor_026;sensor_089;sensor_091;sensor_120;sensor_133;sensor_159;sensor_206;sensor_281;sensor_333;sensor_343;sensor_351;sensor_389;sensor_418;sensor_457;sensor_486;sensor_541;sensor_550"",""lot_id"":""SYNV2_00634"",""product_family"":""MIXED_SIGNAL"",""recipe_id"":""RCP_C"",""root_cause_id"":""RC_COMPONENT_WEAR"",""synthetic_evidence_id"":""EVID_DEGRADATION_SYNV2_00634"",""tool_id"":""TOOL_05""}"
EVID_DEGRADATION_SYNV2_00643,synthetic_lot,synthetic_secom_v2,SYNV2_00643,SYNV2_00643,2026-04-18 06:00:00,TOOL_05,TOOL_05_CH_02,RC_COMPONENT_WEAR,False,Synthetic gradual_degradation lot evidence.,"{""abrupt_shift_sigma"":"""",""anomaly_mechanism"":""gradual_degradation"",""chamber_id"":""TOOL_05_CH_02"",""degradation_progress"":""0.9148936170212766"",""event_time"":""2026-04-18 06:00:00"",""injected_sensor_columns"":""sensor_026;sensor_089;sensor_091;sensor_120;sensor_133;sensor_159;sensor_206;sensor_281;sensor_333;sensor_343;sensor_351;sensor_389;sensor_418;sensor_457;sensor_486;sensor_541;sensor_550"",""lot_id"":""SYNV2_00643"",""product_family"":""MEMORY"",""recipe_id"":""RCP_B"",""root_cause_id"":""RC_COMPONENT_WEAR"",""synthetic_evidence_id"":""EVID_DEGRADATION_SYNV2_00643"",""tool_id"":""TOOL_05""}"
EVID_DEGRADATION_SYNV2_00648,synthetic_lot,synthetic_secom_v2,SYNV2_00648,SYNV2_00648,2026-04-19 02:00:00,TOOL_05,TOOL_05_CH_02,RC_COMPONENT_WEAR,False,Synthetic gradual_degradation lot evidence.,"{""abrupt_shift_sigma"":"""",""anomaly_mechanism"":""gradual_degradation"",""chamber_id"":""TOOL_05_CH_02"",""degradation_progress"":""0.9361702127659575"",""event_time"":""2026-04-19 02:00:00"",""injected_sensor_columns"":""sensor_026;sensor_089;sensor_091;sensor_120;sensor_133;sensor_159;sensor_206;sensor_281;sensor_333;sensor_343;sensor_351;sensor_389;sensor_418;sensor_457;sensor_486;sensor_541;sensor_550"",""lot_id"":""SYNV2_00648"",""product_family"":""LOGIC"",""recipe_id"":""RCP_C"",""root_cause_id"":""RC_COMPONENT_WEAR"",""synthetic_evidence_id"":""EVID_DEGRADATION_SYNV2_00648"",""tool_id"":""TOOL_05""}"
EVID_DEGRADATION_SYNV2_00669,synthetic_lot,synthetic_secom_v2,SYNV2_00669,SYNV2_00669,2026-04-22 14:00:00,TOOL_05,TOOL_05_CH_02,RC_COMPONENT_WEAR,False,Synthetic gradual_degradation lot evidence.,"{""abrupt_shift_sigma"":"""",""anomaly_mechanism"":""gradual_degradation"",""chamber_id"":""TOOL_05_CH_02"",""degradation_progress"":""0.9574468085106383"",""event_time"":""2026-04-22 14:00:00"",""injected_sensor_columns"":""sensor_026;sensor_089;sensor_091;sensor_120;sensor_133;sensor_159;sensor_206;sensor_281;sensor_333;sensor_343;sensor_351;sensor_389;sensor_418;sensor_457;sensor_486;sensor_541;sensor_550"",""lot_id"":""SYNV2_00669"",""product_family"":""MIXED_SIGNAL"",""recipe_id"":""RCP_C"",""root_cause_id"":""RC_COMPONENT_WEAR"",""synthetic_evidence_id"":""EVID_DEGRADATION_SYNV2_00669"",""tool_id"":""TOOL_05""}"
EVID_DEGRADATION_SYNV2_00670,synthetic_lot,synthetic_secom_v2,SYNV2_00670,SYNV2_00670,2026-04-22 18:00:00,TOOL_05,TOOL_05_CH_02,RC_COMPONENT_WEAR,False,Synthetic gradual_degradation lot evidence.,"{""abrupt_shift_sigma"":"""",""anomaly_mechanism"":""gradual_degradation"",""chamber_id"":""TOOL_05_CH_02"",""degradation_progress"":""0.9787234042553191"",""event_time"":""2026-04-22 18:00:00"",""injected_sensor_columns"":""sensor_026;sensor_089;sensor_091;sensor_120;sensor_133;sensor_159;sensor_206;sensor_281;sensor_333;sensor_343;sensor_351;sensor_389;sensor_418;sensor_457;sensor_486;sensor_541;sensor_550"",""lot_id"":""SYNV2_00670"",""product_family"":""MEMORY"",""recipe_id"":""RCP_A"",""root_cause_id"":""RC_COMPONENT_WEAR"",""synthetic_evidence_id"":""EVID_DEGRADATION_SYNV2_00670"",""tool_id"":""TOOL_05""}"
EVID_DEGRADATION_SYNV2_00684,synthetic_lot,synthetic_secom_v2,SYNV2_00684,SYNV2_00684,2026-04-25 02:00:00,TOOL_05,TOOL_05_CH_02,RC_COMPONENT_WEAR,False,Synthetic gradual_degradation lot evidence.,"{""abrupt_shift_sigma"":"""",""anomaly_mechanism"":""gradual_degradation"",""chamber_id"":""TOOL_05_CH_02"",""degradation_progress"":""1.0"",""event_time"":""2026-04-25 02:00:00"",""injected_sensor_columns"":""sensor_026;sensor_089;sensor_091;sensor_120;sensor_133;sensor_159;sensor_206;sensor_281;sensor_333;sensor_343;sensor_351;sensor_389;sensor_418;sensor_457;sensor_486;sensor_541;sensor_550"",""lot_id"":""SYNV2_00684"",""product_family"":""MEMORY"",""recipe_id"":""RCP_C"",""root_cause_id"":""RC_COMPONENT_WEAR"",""synthetic_evidence_id"":""EVID_DEGRADATION_SYNV2_00684"",""tool_id"":""TOOL_05""}"
